<?xml version="1.0" encoding="UTF-8"?>
<mxfile host="app.diagrams.net" agent="Mozilla/5.0 (Windows NT 10.0; Win64; x64) AppleWebKit/537.36 (KHTML, like Gecko) Chrome/137.0.0.0 Safari/537.36 Edg/137.0.0.0" version="27.1.3">
  <diagram name="Page-1" id="MiCBbGD4g9A9GpvmUsaC">
    <mxGraphModel dx="2038" dy="658" grid="1" gridSize="10" guides="1" tooltips="1" connect="1" arrows="1" fold="1" page="1" pageScale="1" pageWidth="850" pageHeight="1100" math="0" shadow="0">
      <root>
        <mxCell id="0" />
        <mxCell id="1" parent="0" />
        <mxCell id="LxLcQwXn86gp83WsBh0P-111" style="edgeStyle=orthogonalEdgeStyle;rounded=0;orthogonalLoop=1;jettySize=auto;html=1;exitX=1;exitY=0.5;exitDx=0;exitDy=0;entryX=0;entryY=0.5;entryDx=0;entryDy=0;" edge="1" parent="1" source="LxLcQwXn86gp83WsBh0P-47" target="LxLcQwXn86gp83WsBh0P-108">
          <mxGeometry relative="1" as="geometry" />
        </mxCell>
        <mxCell id="LxLcQwXn86gp83WsBh0P-47" value="" style="rounded=1;whiteSpace=wrap;html=1;" vertex="1" parent="1">
          <mxGeometry x="420" y="470" width="420" height="80" as="geometry" />
        </mxCell>
        <mxCell id="LxLcQwXn86gp83WsBh0P-110" style="edgeStyle=orthogonalEdgeStyle;rounded=0;orthogonalLoop=1;jettySize=auto;html=1;exitX=1;exitY=0.5;exitDx=0;exitDy=0;entryX=0;entryY=0.5;entryDx=0;entryDy=0;" edge="1" parent="1" source="LxLcQwXn86gp83WsBh0P-46" target="LxLcQwXn86gp83WsBh0P-108">
          <mxGeometry relative="1" as="geometry" />
        </mxCell>
        <mxCell id="LxLcQwXn86gp83WsBh0P-46" value="" style="rounded=1;whiteSpace=wrap;html=1;" vertex="1" parent="1">
          <mxGeometry x="420" y="560" width="420" height="80" as="geometry" />
        </mxCell>
        <mxCell id="LxLcQwXn86gp83WsBh0P-109" style="edgeStyle=orthogonalEdgeStyle;rounded=0;orthogonalLoop=1;jettySize=auto;html=1;exitX=1;exitY=0.5;exitDx=0;exitDy=0;entryX=0;entryY=0.5;entryDx=0;entryDy=0;" edge="1" parent="1" source="LxLcQwXn86gp83WsBh0P-43" target="LxLcQwXn86gp83WsBh0P-108">
          <mxGeometry relative="1" as="geometry" />
        </mxCell>
        <mxCell id="LxLcQwXn86gp83WsBh0P-43" value="" style="rounded=1;whiteSpace=wrap;html=1;" vertex="1" parent="1">
          <mxGeometry x="420" y="650" width="420" height="80" as="geometry" />
        </mxCell>
        <mxCell id="LxLcQwXn86gp83WsBh0P-166" style="edgeStyle=orthogonalEdgeStyle;rounded=0;orthogonalLoop=1;jettySize=auto;html=1;exitX=0.5;exitY=1;exitDx=0;exitDy=0;entryX=0.5;entryY=0;entryDx=0;entryDy=0;" edge="1" parent="1" source="LxLcQwXn86gp83WsBh0P-3" target="LxLcQwXn86gp83WsBh0P-8">
          <mxGeometry relative="1" as="geometry" />
        </mxCell>
        <mxCell id="LxLcQwXn86gp83WsBh0P-3" value="Bikin akun event" style="rounded=1;whiteSpace=wrap;html=1;" vertex="1" parent="1">
          <mxGeometry x="-20" y="900" width="120" height="60" as="geometry" />
        </mxCell>
        <mxCell id="LxLcQwXn86gp83WsBh0P-165" style="edgeStyle=orthogonalEdgeStyle;rounded=0;orthogonalLoop=1;jettySize=auto;html=1;exitX=0.5;exitY=1;exitDx=0;exitDy=0;entryX=0.5;entryY=0;entryDx=0;entryDy=0;" edge="1" parent="1" source="LxLcQwXn86gp83WsBh0P-4" target="LxLcQwXn86gp83WsBh0P-6">
          <mxGeometry relative="1" as="geometry" />
        </mxCell>
        <mxCell id="LxLcQwXn86gp83WsBh0P-4" value="Bikin akun abstrak" style="rounded=1;whiteSpace=wrap;html=1;" vertex="1" parent="1">
          <mxGeometry x="-190" y="900" width="120" height="60" as="geometry" />
        </mxCell>
        <mxCell id="LxLcQwXn86gp83WsBh0P-5" value="Upload abstrak" style="rounded=1;whiteSpace=wrap;html=1;" vertex="1" parent="1">
          <mxGeometry x="-110" y="1090" width="120" height="60" as="geometry" />
        </mxCell>
        <mxCell id="LxLcQwXn86gp83WsBh0P-168" style="edgeStyle=orthogonalEdgeStyle;rounded=0;orthogonalLoop=1;jettySize=auto;html=1;exitX=0.5;exitY=1;exitDx=0;exitDy=0;" edge="1" parent="1" source="LxLcQwXn86gp83WsBh0P-6">
          <mxGeometry relative="1" as="geometry">
            <mxPoint x="-50" y="1090" as="targetPoint" />
          </mxGeometry>
        </mxCell>
        <mxCell id="LxLcQwXn86gp83WsBh0P-6" value="Bikin akun event" style="rounded=1;whiteSpace=wrap;html=1;" vertex="1" parent="1">
          <mxGeometry x="-190" y="990" width="120" height="60" as="geometry" />
        </mxCell>
        <mxCell id="LxLcQwXn86gp83WsBh0P-167" style="edgeStyle=orthogonalEdgeStyle;rounded=0;orthogonalLoop=1;jettySize=auto;html=1;exitX=0.5;exitY=1;exitDx=0;exitDy=0;entryX=0.5;entryY=0;entryDx=0;entryDy=0;" edge="1" parent="1" source="LxLcQwXn86gp83WsBh0P-8" target="LxLcQwXn86gp83WsBh0P-5">
          <mxGeometry relative="1" as="geometry" />
        </mxCell>
        <mxCell id="LxLcQwXn86gp83WsBh0P-8" value="Bikin akun abstrak" style="rounded=1;whiteSpace=wrap;html=1;" vertex="1" parent="1">
          <mxGeometry x="-20" y="990" width="120" height="60" as="geometry" />
        </mxCell>
        <mxCell id="LxLcQwXn86gp83WsBh0P-163" style="edgeStyle=orthogonalEdgeStyle;rounded=0;orthogonalLoop=1;jettySize=auto;html=1;exitX=0.5;exitY=1;exitDx=0;exitDy=0;entryX=0.5;entryY=0;entryDx=0;entryDy=0;" edge="1" parent="1" source="LxLcQwXn86gp83WsBh0P-13" target="LxLcQwXn86gp83WsBh0P-4">
          <mxGeometry relative="1" as="geometry" />
        </mxCell>
        <mxCell id="LxLcQwXn86gp83WsBh0P-164" style="edgeStyle=orthogonalEdgeStyle;rounded=0;orthogonalLoop=1;jettySize=auto;html=1;exitX=0.5;exitY=1;exitDx=0;exitDy=0;entryX=0.5;entryY=0;entryDx=0;entryDy=0;" edge="1" parent="1" source="LxLcQwXn86gp83WsBh0P-13" target="LxLcQwXn86gp83WsBh0P-3">
          <mxGeometry relative="1" as="geometry" />
        </mxCell>
        <mxCell id="LxLcQwXn86gp83WsBh0P-13" value="Peserta" style="ellipse;whiteSpace=wrap;html=1;aspect=fixed;" vertex="1" parent="1">
          <mxGeometry x="-90" y="780" width="80" height="80" as="geometry" />
        </mxCell>
        <mxCell id="LxLcQwXn86gp83WsBh0P-16" value="Juri" style="ellipse;whiteSpace=wrap;html=1;aspect=fixed;" vertex="1" parent="1">
          <mxGeometry x="-90" y="650" width="80" height="80" as="geometry" />
        </mxCell>
        <mxCell id="LxLcQwXn86gp83WsBh0P-67" style="edgeStyle=orthogonalEdgeStyle;rounded=0;orthogonalLoop=1;jettySize=auto;html=1;exitX=0.5;exitY=1;exitDx=0;exitDy=0;entryX=0.5;entryY=0;entryDx=0;entryDy=0;" edge="1" parent="1" source="LxLcQwXn86gp83WsBh0P-17" target="LxLcQwXn86gp83WsBh0P-18">
          <mxGeometry relative="1" as="geometry" />
        </mxCell>
        <mxCell id="LxLcQwXn86gp83WsBh0P-17" value="Admin" style="ellipse;whiteSpace=wrap;html=1;aspect=fixed;" vertex="1" parent="1">
          <mxGeometry x="-90" y="470" width="80" height="80" as="geometry" />
        </mxCell>
        <mxCell id="LxLcQwXn86gp83WsBh0P-68" style="edgeStyle=orthogonalEdgeStyle;rounded=0;orthogonalLoop=1;jettySize=auto;html=1;exitX=0.5;exitY=1;exitDx=0;exitDy=0;entryX=0.5;entryY=0;entryDx=0;entryDy=0;" edge="1" parent="1" source="LxLcQwXn86gp83WsBh0P-18" target="LxLcQwXn86gp83WsBh0P-16">
          <mxGeometry relative="1" as="geometry" />
        </mxCell>
        <mxCell id="LxLcQwXn86gp83WsBh0P-69" style="edgeStyle=orthogonalEdgeStyle;rounded=0;orthogonalLoop=1;jettySize=auto;html=1;exitX=0.5;exitY=1;exitDx=0;exitDy=0;" edge="1" parent="1" source="LxLcQwXn86gp83WsBh0P-18" target="LxLcQwXn86gp83WsBh0P-21">
          <mxGeometry relative="1" as="geometry">
            <Array as="points">
              <mxPoint x="-50" y="640" />
              <mxPoint x="50" y="640" />
            </Array>
          </mxGeometry>
        </mxCell>
        <mxCell id="LxLcQwXn86gp83WsBh0P-70" style="edgeStyle=orthogonalEdgeStyle;rounded=0;orthogonalLoop=1;jettySize=auto;html=1;exitX=0.5;exitY=1;exitDx=0;exitDy=0;" edge="1" parent="1" source="LxLcQwXn86gp83WsBh0P-18" target="LxLcQwXn86gp83WsBh0P-22">
          <mxGeometry relative="1" as="geometry">
            <Array as="points">
              <mxPoint x="-50" y="640" />
              <mxPoint x="-150" y="640" />
            </Array>
          </mxGeometry>
        </mxCell>
        <mxCell id="LxLcQwXn86gp83WsBh0P-18" value="Nominasi" style="rounded=1;whiteSpace=wrap;html=1;" vertex="1" parent="1">
          <mxGeometry x="-110" y="570" width="120" height="60" as="geometry" />
        </mxCell>
        <mxCell id="LxLcQwXn86gp83WsBh0P-21" value="Juri" style="ellipse;whiteSpace=wrap;html=1;aspect=fixed;" vertex="1" parent="1">
          <mxGeometry x="10" y="650" width="80" height="80" as="geometry" />
        </mxCell>
        <mxCell id="LxLcQwXn86gp83WsBh0P-22" value="Juri" style="ellipse;whiteSpace=wrap;html=1;aspect=fixed;" vertex="1" parent="1">
          <mxGeometry x="-190" y="650" width="80" height="80" as="geometry" />
        </mxCell>
        <mxCell id="LxLcQwXn86gp83WsBh0P-54" value="" style="rounded=1;whiteSpace=wrap;html=1;" vertex="1" parent="1">
          <mxGeometry x="420" y="770" width="420" height="110" as="geometry" />
        </mxCell>
        <mxCell id="LxLcQwXn86gp83WsBh0P-157" style="edgeStyle=orthogonalEdgeStyle;rounded=0;orthogonalLoop=1;jettySize=auto;html=1;exitX=0.5;exitY=1;exitDx=0;exitDy=0;entryX=0.5;entryY=0;entryDx=0;entryDy=0;" edge="1" parent="1" source="LxLcQwXn86gp83WsBh0P-55" target="LxLcQwXn86gp83WsBh0P-156">
          <mxGeometry relative="1" as="geometry" />
        </mxCell>
        <mxCell id="LxLcQwXn86gp83WsBh0P-55" value="" style="rounded=1;whiteSpace=wrap;html=1;" vertex="1" parent="1">
          <mxGeometry x="420" y="900" width="420" height="110" as="geometry" />
        </mxCell>
        <mxCell id="LxLcQwXn86gp83WsBh0P-65" value="Poster" style="text;html=1;align=center;verticalAlign=middle;whiteSpace=wrap;rounded=0;" vertex="1" parent="1">
          <mxGeometry x="600" y="780" width="60" height="30" as="geometry" />
        </mxCell>
        <mxCell id="LxLcQwXn86gp83WsBh0P-66" value="Oral" style="text;html=1;align=center;verticalAlign=middle;whiteSpace=wrap;rounded=0;" vertex="1" parent="1">
          <mxGeometry x="600" y="970" width="60" height="30" as="geometry" />
        </mxCell>
        <mxCell id="LxLcQwXn86gp83WsBh0P-80" style="edgeStyle=orthogonalEdgeStyle;rounded=0;orthogonalLoop=1;jettySize=auto;html=1;exitX=1;exitY=0.5;exitDx=0;exitDy=0;entryX=0;entryY=0.5;entryDx=0;entryDy=0;" edge="1" parent="1" source="LxLcQwXn86gp83WsBh0P-71" target="LxLcQwXn86gp83WsBh0P-78">
          <mxGeometry relative="1" as="geometry" />
        </mxCell>
        <mxCell id="LxLcQwXn86gp83WsBh0P-71" value="Juri" style="ellipse;whiteSpace=wrap;html=1;aspect=fixed;" vertex="1" parent="1">
          <mxGeometry x="110" y="560" width="80" height="80" as="geometry" />
        </mxCell>
        <mxCell id="LxLcQwXn86gp83WsBh0P-76" style="edgeStyle=orthogonalEdgeStyle;rounded=0;orthogonalLoop=1;jettySize=auto;html=1;exitX=1;exitY=0.5;exitDx=0;exitDy=0;entryX=0;entryY=0.5;entryDx=0;entryDy=0;" edge="1" parent="1" source="LxLcQwXn86gp83WsBh0P-72" target="LxLcQwXn86gp83WsBh0P-75">
          <mxGeometry relative="1" as="geometry" />
        </mxCell>
        <mxCell id="LxLcQwXn86gp83WsBh0P-72" value="Juri" style="ellipse;whiteSpace=wrap;html=1;aspect=fixed;" vertex="1" parent="1">
          <mxGeometry x="110" y="470" width="80" height="80" as="geometry" />
        </mxCell>
        <mxCell id="LxLcQwXn86gp83WsBh0P-82" style="edgeStyle=orthogonalEdgeStyle;rounded=0;orthogonalLoop=1;jettySize=auto;html=1;exitX=1;exitY=0.5;exitDx=0;exitDy=0;entryX=0;entryY=0.5;entryDx=0;entryDy=0;" edge="1" parent="1" source="LxLcQwXn86gp83WsBh0P-73" target="LxLcQwXn86gp83WsBh0P-79">
          <mxGeometry relative="1" as="geometry" />
        </mxCell>
        <mxCell id="LxLcQwXn86gp83WsBh0P-73" value="Juri" style="ellipse;whiteSpace=wrap;html=1;aspect=fixed;" vertex="1" parent="1">
          <mxGeometry x="110" y="650" width="80" height="80" as="geometry" />
        </mxCell>
        <mxCell id="LxLcQwXn86gp83WsBh0P-77" style="edgeStyle=orthogonalEdgeStyle;rounded=0;orthogonalLoop=1;jettySize=auto;html=1;exitX=1;exitY=0.5;exitDx=0;exitDy=0;entryX=0;entryY=0.5;entryDx=0;entryDy=0;" edge="1" parent="1" source="LxLcQwXn86gp83WsBh0P-75" target="LxLcQwXn86gp83WsBh0P-47">
          <mxGeometry relative="1" as="geometry" />
        </mxCell>
        <mxCell id="LxLcQwXn86gp83WsBh0P-75" value="Menilai" style="rounded=1;whiteSpace=wrap;html=1;" vertex="1" parent="1">
          <mxGeometry x="240" y="480" width="120" height="60" as="geometry" />
        </mxCell>
        <mxCell id="LxLcQwXn86gp83WsBh0P-81" style="edgeStyle=orthogonalEdgeStyle;rounded=0;orthogonalLoop=1;jettySize=auto;html=1;exitX=1;exitY=0.5;exitDx=0;exitDy=0;entryX=0;entryY=0.5;entryDx=0;entryDy=0;" edge="1" parent="1" source="LxLcQwXn86gp83WsBh0P-78" target="LxLcQwXn86gp83WsBh0P-46">
          <mxGeometry relative="1" as="geometry" />
        </mxCell>
        <mxCell id="LxLcQwXn86gp83WsBh0P-78" value="Menilai" style="rounded=1;whiteSpace=wrap;html=1;" vertex="1" parent="1">
          <mxGeometry x="240" y="570" width="120" height="60" as="geometry" />
        </mxCell>
        <mxCell id="LxLcQwXn86gp83WsBh0P-83" style="edgeStyle=orthogonalEdgeStyle;rounded=0;orthogonalLoop=1;jettySize=auto;html=1;exitX=1;exitY=0.5;exitDx=0;exitDy=0;entryX=0;entryY=0.5;entryDx=0;entryDy=0;" edge="1" parent="1" source="LxLcQwXn86gp83WsBh0P-79" target="LxLcQwXn86gp83WsBh0P-43">
          <mxGeometry relative="1" as="geometry" />
        </mxCell>
        <mxCell id="LxLcQwXn86gp83WsBh0P-79" value="Menilai" style="rounded=1;whiteSpace=wrap;html=1;" vertex="1" parent="1">
          <mxGeometry x="240" y="660" width="120" height="60" as="geometry" />
        </mxCell>
        <mxCell id="LxLcQwXn86gp83WsBh0P-84" value="Abstrak" style="shape=parallelogram;perimeter=parallelogramPerimeter;whiteSpace=wrap;html=1;fixedSize=1;" vertex="1" parent="1">
          <mxGeometry x="450" y="480" width="120" height="60" as="geometry" />
        </mxCell>
        <mxCell id="LxLcQwXn86gp83WsBh0P-85" value="Abstrak" style="shape=parallelogram;perimeter=parallelogramPerimeter;whiteSpace=wrap;html=1;fixedSize=1;" vertex="1" parent="1">
          <mxGeometry x="580" y="480" width="120" height="60" as="geometry" />
        </mxCell>
        <mxCell id="LxLcQwXn86gp83WsBh0P-86" value="Abstrak" style="shape=parallelogram;perimeter=parallelogramPerimeter;whiteSpace=wrap;html=1;fixedSize=1;" vertex="1" parent="1">
          <mxGeometry x="700" y="480" width="120" height="60" as="geometry" />
        </mxCell>
        <mxCell id="LxLcQwXn86gp83WsBh0P-87" value="Abstrak" style="shape=parallelogram;perimeter=parallelogramPerimeter;whiteSpace=wrap;html=1;fixedSize=1;" vertex="1" parent="1">
          <mxGeometry x="445" y="570" width="120" height="60" as="geometry" />
        </mxCell>
        <mxCell id="LxLcQwXn86gp83WsBh0P-88" value="Abstrak" style="shape=parallelogram;perimeter=parallelogramPerimeter;whiteSpace=wrap;html=1;fixedSize=1;" vertex="1" parent="1">
          <mxGeometry x="575" y="570" width="120" height="60" as="geometry" />
        </mxCell>
        <mxCell id="LxLcQwXn86gp83WsBh0P-89" value="Abstrak" style="shape=parallelogram;perimeter=parallelogramPerimeter;whiteSpace=wrap;html=1;fixedSize=1;" vertex="1" parent="1">
          <mxGeometry x="695" y="570" width="120" height="60" as="geometry" />
        </mxCell>
        <mxCell id="LxLcQwXn86gp83WsBh0P-90" value="Abstrak" style="shape=parallelogram;perimeter=parallelogramPerimeter;whiteSpace=wrap;html=1;fixedSize=1;" vertex="1" parent="1">
          <mxGeometry x="445" y="660" width="120" height="60" as="geometry" />
        </mxCell>
        <mxCell id="LxLcQwXn86gp83WsBh0P-91" value="Abstrak" style="shape=parallelogram;perimeter=parallelogramPerimeter;whiteSpace=wrap;html=1;fixedSize=1;" vertex="1" parent="1">
          <mxGeometry x="575" y="660" width="120" height="60" as="geometry" />
        </mxCell>
        <mxCell id="LxLcQwXn86gp83WsBh0P-92" value="Abstrak" style="shape=parallelogram;perimeter=parallelogramPerimeter;whiteSpace=wrap;html=1;fixedSize=1;" vertex="1" parent="1">
          <mxGeometry x="695" y="660" width="120" height="60" as="geometry" />
        </mxCell>
        <mxCell id="LxLcQwXn86gp83WsBh0P-102" value="Abstrak" style="shape=parallelogram;perimeter=parallelogramPerimeter;whiteSpace=wrap;html=1;fixedSize=1;" vertex="1" parent="1">
          <mxGeometry x="445" y="810" width="120" height="60" as="geometry" />
        </mxCell>
        <mxCell id="LxLcQwXn86gp83WsBh0P-103" value="Abstrak" style="shape=parallelogram;perimeter=parallelogramPerimeter;whiteSpace=wrap;html=1;fixedSize=1;" vertex="1" parent="1">
          <mxGeometry x="575" y="810" width="120" height="60" as="geometry" />
        </mxCell>
        <mxCell id="LxLcQwXn86gp83WsBh0P-104" value="Abstrak" style="shape=parallelogram;perimeter=parallelogramPerimeter;whiteSpace=wrap;html=1;fixedSize=1;" vertex="1" parent="1">
          <mxGeometry x="695" y="810" width="120" height="60" as="geometry" />
        </mxCell>
        <mxCell id="LxLcQwXn86gp83WsBh0P-105" value="Abstrak" style="shape=parallelogram;perimeter=parallelogramPerimeter;whiteSpace=wrap;html=1;fixedSize=1;" vertex="1" parent="1">
          <mxGeometry x="445" y="910" width="120" height="60" as="geometry" />
        </mxCell>
        <mxCell id="LxLcQwXn86gp83WsBh0P-106" value="Abstrak" style="shape=parallelogram;perimeter=parallelogramPerimeter;whiteSpace=wrap;html=1;fixedSize=1;" vertex="1" parent="1">
          <mxGeometry x="575" y="910" width="120" height="60" as="geometry" />
        </mxCell>
        <mxCell id="LxLcQwXn86gp83WsBh0P-107" value="Abstrak" style="shape=parallelogram;perimeter=parallelogramPerimeter;whiteSpace=wrap;html=1;fixedSize=1;" vertex="1" parent="1">
          <mxGeometry x="695" y="910" width="120" height="60" as="geometry" />
        </mxCell>
        <mxCell id="LxLcQwXn86gp83WsBh0P-113" style="edgeStyle=orthogonalEdgeStyle;rounded=0;orthogonalLoop=1;jettySize=auto;html=1;exitX=0.5;exitY=1;exitDx=0;exitDy=0;entryX=0.5;entryY=0;entryDx=0;entryDy=0;" edge="1" parent="1" source="LxLcQwXn86gp83WsBh0P-108" target="LxLcQwXn86gp83WsBh0P-112">
          <mxGeometry relative="1" as="geometry" />
        </mxCell>
        <mxCell id="LxLcQwXn86gp83WsBh0P-108" value="Lolos?" style="rhombus;whiteSpace=wrap;html=1;" vertex="1" parent="1">
          <mxGeometry x="920" y="560" width="80" height="80" as="geometry" />
        </mxCell>
        <mxCell id="LxLcQwXn86gp83WsBh0P-114" style="edgeStyle=orthogonalEdgeStyle;rounded=0;orthogonalLoop=1;jettySize=auto;html=1;exitX=0;exitY=0.5;exitDx=0;exitDy=0;entryX=1;entryY=0.5;entryDx=0;entryDy=0;" edge="1" parent="1" source="LxLcQwXn86gp83WsBh0P-112" target="LxLcQwXn86gp83WsBh0P-54">
          <mxGeometry relative="1" as="geometry" />
        </mxCell>
        <mxCell id="LxLcQwXn86gp83WsBh0P-115" style="edgeStyle=orthogonalEdgeStyle;rounded=0;orthogonalLoop=1;jettySize=auto;html=1;exitX=0;exitY=0.5;exitDx=0;exitDy=0;entryX=1;entryY=0.5;entryDx=0;entryDy=0;" edge="1" parent="1" source="LxLcQwXn86gp83WsBh0P-112" target="LxLcQwXn86gp83WsBh0P-55">
          <mxGeometry relative="1" as="geometry" />
        </mxCell>
        <mxCell id="LxLcQwXn86gp83WsBh0P-112" value="Poster/OraL" style="rhombus;whiteSpace=wrap;html=1;" vertex="1" parent="1">
          <mxGeometry x="920" y="850" width="80" height="80" as="geometry" />
        </mxCell>
        <mxCell id="LxLcQwXn86gp83WsBh0P-117" style="edgeStyle=orthogonalEdgeStyle;rounded=0;orthogonalLoop=1;jettySize=auto;html=1;exitX=0.5;exitY=0;exitDx=0;exitDy=0;entryX=0.5;entryY=1;entryDx=0;entryDy=0;" edge="1" parent="1" source="LxLcQwXn86gp83WsBh0P-116" target="LxLcQwXn86gp83WsBh0P-112">
          <mxGeometry relative="1" as="geometry" />
        </mxCell>
        <mxCell id="LxLcQwXn86gp83WsBh0P-116" value="Juri" style="ellipse;whiteSpace=wrap;html=1;aspect=fixed;" vertex="1" parent="1">
          <mxGeometry x="920" y="970" width="80" height="80" as="geometry" />
        </mxCell>
        <mxCell id="LxLcQwXn86gp83WsBh0P-144" style="edgeStyle=orthogonalEdgeStyle;rounded=0;orthogonalLoop=1;jettySize=auto;html=1;exitX=1;exitY=0.5;exitDx=0;exitDy=0;entryX=0;entryY=0.5;entryDx=0;entryDy=0;" edge="1" parent="1" source="LxLcQwXn86gp83WsBh0P-145" target="LxLcQwXn86gp83WsBh0P-147">
          <mxGeometry relative="1" as="geometry" />
        </mxCell>
        <mxCell id="LxLcQwXn86gp83WsBh0P-145" value="Juri" style="ellipse;whiteSpace=wrap;html=1;aspect=fixed;" vertex="1" parent="1">
          <mxGeometry x="120" y="915" width="80" height="80" as="geometry" />
        </mxCell>
        <mxCell id="LxLcQwXn86gp83WsBh0P-150" style="edgeStyle=orthogonalEdgeStyle;rounded=0;orthogonalLoop=1;jettySize=auto;html=1;exitX=1;exitY=0.5;exitDx=0;exitDy=0;entryX=0;entryY=0.5;entryDx=0;entryDy=0;" edge="1" parent="1" source="LxLcQwXn86gp83WsBh0P-147" target="LxLcQwXn86gp83WsBh0P-55">
          <mxGeometry relative="1" as="geometry" />
        </mxCell>
        <mxCell id="LxLcQwXn86gp83WsBh0P-147" value="Menilai" style="rounded=1;whiteSpace=wrap;html=1;" vertex="1" parent="1">
          <mxGeometry x="250" y="925" width="120" height="60" as="geometry" />
        </mxCell>
        <mxCell id="LxLcQwXn86gp83WsBh0P-151" style="edgeStyle=orthogonalEdgeStyle;rounded=0;orthogonalLoop=1;jettySize=auto;html=1;exitX=1;exitY=0.5;exitDx=0;exitDy=0;entryX=0;entryY=0.5;entryDx=0;entryDy=0;" edge="1" parent="1" source="LxLcQwXn86gp83WsBh0P-152" target="LxLcQwXn86gp83WsBh0P-154">
          <mxGeometry relative="1" as="geometry" />
        </mxCell>
        <mxCell id="LxLcQwXn86gp83WsBh0P-152" value="Juri" style="ellipse;whiteSpace=wrap;html=1;aspect=fixed;" vertex="1" parent="1">
          <mxGeometry x="120" y="785" width="80" height="80" as="geometry" />
        </mxCell>
        <mxCell id="LxLcQwXn86gp83WsBh0P-153" style="edgeStyle=orthogonalEdgeStyle;rounded=0;orthogonalLoop=1;jettySize=auto;html=1;exitX=1;exitY=0.5;exitDx=0;exitDy=0;entryX=0;entryY=0.5;entryDx=0;entryDy=0;" edge="1" parent="1" source="LxLcQwXn86gp83WsBh0P-154">
          <mxGeometry relative="1" as="geometry">
            <mxPoint x="420" y="825" as="targetPoint" />
          </mxGeometry>
        </mxCell>
        <mxCell id="LxLcQwXn86gp83WsBh0P-154" value="Menilai" style="rounded=1;whiteSpace=wrap;html=1;" vertex="1" parent="1">
          <mxGeometry x="250" y="795" width="120" height="60" as="geometry" />
        </mxCell>
        <mxCell id="LxLcQwXn86gp83WsBh0P-155" value="" style="rounded=1;whiteSpace=wrap;html=1;" vertex="1" parent="1">
          <mxGeometry x="420" y="1130" width="420" height="110" as="geometry" />
        </mxCell>
        <mxCell id="LxLcQwXn86gp83WsBh0P-158" style="edgeStyle=orthogonalEdgeStyle;rounded=0;orthogonalLoop=1;jettySize=auto;html=1;exitX=0.5;exitY=1;exitDx=0;exitDy=0;entryX=0.5;entryY=0;entryDx=0;entryDy=0;" edge="1" parent="1" source="LxLcQwXn86gp83WsBh0P-156" target="LxLcQwXn86gp83WsBh0P-155">
          <mxGeometry relative="1" as="geometry" />
        </mxCell>
        <mxCell id="LxLcQwXn86gp83WsBh0P-156" value="Lolos?" style="rhombus;whiteSpace=wrap;html=1;" vertex="1" parent="1">
          <mxGeometry x="590" y="1030" width="80" height="80" as="geometry" />
        </mxCell>
        <mxCell id="LxLcQwXn86gp83WsBh0P-159" value="Juara" style="text;html=1;align=center;verticalAlign=middle;whiteSpace=wrap;rounded=0;" vertex="1" parent="1">
          <mxGeometry x="600" y="1210" width="60" height="30" as="geometry" />
        </mxCell>
        <mxCell id="LxLcQwXn86gp83WsBh0P-160" value="Abstrak" style="shape=parallelogram;perimeter=parallelogramPerimeter;whiteSpace=wrap;html=1;fixedSize=1;" vertex="1" parent="1">
          <mxGeometry x="445" y="1150" width="120" height="60" as="geometry" />
        </mxCell>
        <mxCell id="LxLcQwXn86gp83WsBh0P-161" value="Abstrak" style="shape=parallelogram;perimeter=parallelogramPerimeter;whiteSpace=wrap;html=1;fixedSize=1;" vertex="1" parent="1">
          <mxGeometry x="575" y="1150" width="120" height="60" as="geometry" />
        </mxCell>
        <mxCell id="LxLcQwXn86gp83WsBh0P-162" value="Abstrak" style="shape=parallelogram;perimeter=parallelogramPerimeter;whiteSpace=wrap;html=1;fixedSize=1;" vertex="1" parent="1">
          <mxGeometry x="695" y="1150" width="120" height="60" as="geometry" />
        </mxCell>
      </root>
    </mxGraphModel>
  </diagram>
</mxfile>
