<mxfile host="app.diagrams.net" agent="Mozilla/5.0 (Windows NT 10.0; Win64; x64) AppleWebKit/537.36 (KHTML, like Gecko) Chrome/137.0.0.0 Safari/537.36 Edg/137.0.0.0" version="27.1.3">
  <diagram name="Page-1" id="zEYwT4hPiANkvf904-wu">
    <mxGraphModel dx="1426" dy="789" grid="1" gridSize="10" guides="1" tooltips="1" connect="1" arrows="1" fold="1" page="1" pageScale="1" pageWidth="850" pageHeight="1100" math="0" shadow="0">
      <root>
        <mxCell id="0" />
        <mxCell id="1" parent="0" />
        <mxCell id="Bll-kAE0G2dmc3GTzRVP-7" value="abstract_account" style="swimlane;fontStyle=0;childLayout=stackLayout;horizontal=1;startSize=30;horizontalStack=0;resizeParent=1;resizeParentMax=0;resizeLast=0;collapsible=1;marginBottom=0;html=1;labelBorderColor=none;textShadow=0;swimlaneFillColor=none;swimlaneLine=1;glass=0;strokeColor=default;perimeterSpacing=1;fillStyle=zigzag-line;gradientColor=none;fillColor=none;shadow=0;rounded=0;whiteSpace=wrap;labelBackgroundColor=default;" parent="1" vertex="1">
          <mxGeometry x="50" y="10" width="140" height="330" as="geometry" />
        </mxCell>
        <mxCell id="Bll-kAE0G2dmc3GTzRVP-8" value="id" style="text;strokeColor=default;fillColor=none;align=left;verticalAlign=middle;spacingLeft=4;spacingRight=4;overflow=hidden;points=[[0,0.5],[1,0.5]];portConstraint=eastwest;rotatable=0;whiteSpace=wrap;html=1;" parent="Bll-kAE0G2dmc3GTzRVP-7" vertex="1">
          <mxGeometry y="30" width="140" height="30" as="geometry" />
        </mxCell>
        <mxCell id="Bll-kAE0G2dmc3GTzRVP-9" value="email" style="text;strokeColor=default;fillColor=none;align=left;verticalAlign=middle;spacingLeft=4;spacingRight=4;overflow=hidden;points=[[0,0.5],[1,0.5]];portConstraint=eastwest;rotatable=0;whiteSpace=wrap;html=1;" parent="Bll-kAE0G2dmc3GTzRVP-7" vertex="1">
          <mxGeometry y="60" width="140" height="30" as="geometry" />
        </mxCell>
        <mxCell id="Bll-kAE0G2dmc3GTzRVP-10" value="password" style="text;strokeColor=default;fillColor=none;align=left;verticalAlign=middle;spacingLeft=4;spacingRight=4;overflow=hidden;points=[[0,0.5],[1,0.5]];portConstraint=eastwest;rotatable=0;whiteSpace=wrap;html=1;" parent="Bll-kAE0G2dmc3GTzRVP-7" vertex="1">
          <mxGeometry y="90" width="140" height="30" as="geometry" />
        </mxCell>
        <mxCell id="Bll-kAE0G2dmc3GTzRVP-62" value="title" style="text;strokeColor=default;fillColor=none;align=left;verticalAlign=middle;spacingLeft=4;spacingRight=4;overflow=hidden;points=[[0,0.5],[1,0.5]];portConstraint=eastwest;rotatable=0;whiteSpace=wrap;html=1;" parent="Bll-kAE0G2dmc3GTzRVP-7" vertex="1">
          <mxGeometry y="120" width="140" height="30" as="geometry" />
        </mxCell>
        <mxCell id="Bll-kAE0G2dmc3GTzRVP-63" value="first_name" style="text;strokeColor=default;fillColor=none;align=left;verticalAlign=middle;spacingLeft=4;spacingRight=4;overflow=hidden;points=[[0,0.5],[1,0.5]];portConstraint=eastwest;rotatable=0;whiteSpace=wrap;html=1;" parent="Bll-kAE0G2dmc3GTzRVP-7" vertex="1">
          <mxGeometry y="150" width="140" height="30" as="geometry" />
        </mxCell>
        <mxCell id="Bll-kAE0G2dmc3GTzRVP-64" value="last_name" style="text;strokeColor=default;fillColor=none;align=left;verticalAlign=middle;spacingLeft=4;spacingRight=4;overflow=hidden;points=[[0,0.5],[1,0.5]];portConstraint=eastwest;rotatable=0;whiteSpace=wrap;html=1;" parent="Bll-kAE0G2dmc3GTzRVP-7" vertex="1">
          <mxGeometry y="180" width="140" height="30" as="geometry" />
        </mxCell>
        <mxCell id="Bll-kAE0G2dmc3GTzRVP-65" value="phone" style="text;strokeColor=default;fillColor=none;align=left;verticalAlign=middle;spacingLeft=4;spacingRight=4;overflow=hidden;points=[[0,0.5],[1,0.5]];portConstraint=eastwest;rotatable=0;whiteSpace=wrap;html=1;" parent="Bll-kAE0G2dmc3GTzRVP-7" vertex="1">
          <mxGeometry y="210" width="140" height="30" as="geometry" />
        </mxCell>
        <mxCell id="Bll-kAE0G2dmc3GTzRVP-66" value="institution" style="text;strokeColor=default;fillColor=none;align=left;verticalAlign=middle;spacingLeft=4;spacingRight=4;overflow=hidden;points=[[0,0.5],[1,0.5]];portConstraint=eastwest;rotatable=0;whiteSpace=wrap;html=1;" parent="Bll-kAE0G2dmc3GTzRVP-7" vertex="1">
          <mxGeometry y="240" width="140" height="30" as="geometry" />
        </mxCell>
        <mxCell id="Bll-kAE0G2dmc3GTzRVP-67" value="contact_preference" style="text;strokeColor=default;fillColor=none;align=left;verticalAlign=middle;spacingLeft=4;spacingRight=4;overflow=hidden;points=[[0,0.5],[1,0.5]];portConstraint=eastwest;rotatable=0;whiteSpace=wrap;html=1;" parent="Bll-kAE0G2dmc3GTzRVP-7" vertex="1">
          <mxGeometry y="270" width="140" height="30" as="geometry" />
        </mxCell>
        <mxCell id="Bll-kAE0G2dmc3GTzRVP-68" value="address" style="text;strokeColor=default;fillColor=none;align=left;verticalAlign=middle;spacingLeft=4;spacingRight=4;overflow=hidden;points=[[0,0.5],[1,0.5]];portConstraint=eastwest;rotatable=0;whiteSpace=wrap;html=1;" parent="Bll-kAE0G2dmc3GTzRVP-7" vertex="1">
          <mxGeometry y="300" width="140" height="30" as="geometry" />
        </mxCell>
        <mxCell id="Bll-kAE0G2dmc3GTzRVP-11" value="event_account" style="swimlane;fontStyle=0;childLayout=stackLayout;horizontal=1;startSize=30;horizontalStack=0;resizeParent=1;resizeParentMax=0;resizeLast=0;collapsible=1;marginBottom=0;whiteSpace=wrap;html=1;" parent="1" vertex="1">
          <mxGeometry x="50" y="370" width="140" height="300" as="geometry" />
        </mxCell>
        <mxCell id="Bll-kAE0G2dmc3GTzRVP-12" value="id" style="text;strokeColor=default;fillColor=none;align=left;verticalAlign=middle;spacingLeft=4;spacingRight=4;overflow=hidden;points=[[0,0.5],[1,0.5]];portConstraint=eastwest;rotatable=0;whiteSpace=wrap;html=1;" parent="Bll-kAE0G2dmc3GTzRVP-11" vertex="1">
          <mxGeometry y="30" width="140" height="30" as="geometry" />
        </mxCell>
        <mxCell id="Bll-kAE0G2dmc3GTzRVP-14" value="category" style="text;strokeColor=default;fillColor=none;align=left;verticalAlign=middle;spacingLeft=4;spacingRight=4;overflow=hidden;points=[[0,0.5],[1,0.5]];portConstraint=eastwest;rotatable=0;whiteSpace=wrap;html=1;" parent="Bll-kAE0G2dmc3GTzRVP-11" vertex="1">
          <mxGeometry y="60" width="140" height="30" as="geometry" />
        </mxCell>
        <mxCell id="-x30kUDUCR1lsiRbYlHv-1" value="full_name" style="text;strokeColor=default;fillColor=none;align=left;verticalAlign=middle;spacingLeft=4;spacingRight=4;overflow=hidden;points=[[0,0.5],[1,0.5]];portConstraint=eastwest;rotatable=0;whiteSpace=wrap;html=1;" vertex="1" parent="Bll-kAE0G2dmc3GTzRVP-11">
          <mxGeometry y="90" width="140" height="30" as="geometry" />
        </mxCell>
        <mxCell id="Bll-kAE0G2dmc3GTzRVP-57" value="nik/passport" style="text;strokeColor=default;fillColor=none;align=left;verticalAlign=middle;spacingLeft=4;spacingRight=4;overflow=hidden;points=[[0,0.5],[1,0.5]];portConstraint=eastwest;rotatable=0;whiteSpace=wrap;html=1;" parent="Bll-kAE0G2dmc3GTzRVP-11" vertex="1">
          <mxGeometry y="120" width="140" height="30" as="geometry" />
        </mxCell>
        <mxCell id="Bll-kAE0G2dmc3GTzRVP-56" value="institution" style="text;strokeColor=default;fillColor=none;align=left;verticalAlign=middle;spacingLeft=4;spacingRight=4;overflow=hidden;points=[[0,0.5],[1,0.5]];portConstraint=eastwest;rotatable=0;whiteSpace=wrap;html=1;" parent="Bll-kAE0G2dmc3GTzRVP-11" vertex="1">
          <mxGeometry y="150" width="140" height="30" as="geometry" />
        </mxCell>
        <mxCell id="Bll-kAE0G2dmc3GTzRVP-55" value="email" style="text;strokeColor=default;fillColor=none;align=left;verticalAlign=middle;spacingLeft=4;spacingRight=4;overflow=hidden;points=[[0,0.5],[1,0.5]];portConstraint=eastwest;rotatable=0;whiteSpace=wrap;html=1;" parent="Bll-kAE0G2dmc3GTzRVP-11" vertex="1">
          <mxGeometry y="180" width="140" height="30" as="geometry" />
        </mxCell>
        <mxCell id="Bll-kAE0G2dmc3GTzRVP-54" value="phone_number" style="text;strokeColor=default;fillColor=none;align=left;verticalAlign=middle;spacingLeft=4;spacingRight=4;overflow=hidden;points=[[0,0.5],[1,0.5]];portConstraint=eastwest;rotatable=0;whiteSpace=wrap;html=1;" parent="Bll-kAE0G2dmc3GTzRVP-11" vertex="1">
          <mxGeometry y="210" width="140" height="30" as="geometry" />
        </mxCell>
        <mxCell id="Bll-kAE0G2dmc3GTzRVP-53" value="address" style="text;strokeColor=default;fillColor=none;align=left;verticalAlign=middle;spacingLeft=4;spacingRight=4;overflow=hidden;points=[[0,0.5],[1,0.5]];portConstraint=eastwest;rotatable=0;whiteSpace=wrap;html=1;" parent="Bll-kAE0G2dmc3GTzRVP-11" vertex="1">
          <mxGeometry y="240" width="140" height="30" as="geometry" />
        </mxCell>
        <mxCell id="Bll-kAE0G2dmc3GTzRVP-58" value="province_country" style="text;strokeColor=default;fillColor=none;align=left;verticalAlign=middle;spacingLeft=4;spacingRight=4;overflow=hidden;points=[[0,0.5],[1,0.5]];portConstraint=eastwest;rotatable=0;whiteSpace=wrap;html=1;" parent="Bll-kAE0G2dmc3GTzRVP-11" vertex="1">
          <mxGeometry y="270" width="140" height="30" as="geometry" />
        </mxCell>
        <mxCell id="Bll-kAE0G2dmc3GTzRVP-15" value="abstract" style="swimlane;fontStyle=0;childLayout=stackLayout;horizontal=1;startSize=30;horizontalStack=0;resizeParent=1;resizeParentMax=0;resizeLast=0;collapsible=1;marginBottom=0;whiteSpace=wrap;html=1;" parent="1" vertex="1">
          <mxGeometry x="270" y="110" width="140" height="270" as="geometry" />
        </mxCell>
        <mxCell id="Bll-kAE0G2dmc3GTzRVP-16" value="id" style="text;strokeColor=default;fillColor=none;align=left;verticalAlign=middle;spacingLeft=4;spacingRight=4;overflow=hidden;points=[[0,0.5],[1,0.5]];portConstraint=eastwest;rotatable=0;whiteSpace=wrap;html=1;" parent="Bll-kAE0G2dmc3GTzRVP-15" vertex="1">
          <mxGeometry y="30" width="140" height="30" as="geometry" />
        </mxCell>
        <mxCell id="Bll-kAE0G2dmc3GTzRVP-17" value="abstract_account_id" style="text;strokeColor=default;fillColor=none;align=left;verticalAlign=middle;spacingLeft=4;spacingRight=4;overflow=hidden;points=[[0,0.5],[1,0.5]];portConstraint=eastwest;rotatable=0;whiteSpace=wrap;html=1;" parent="Bll-kAE0G2dmc3GTzRVP-15" vertex="1">
          <mxGeometry y="60" width="140" height="30" as="geometry" />
        </mxCell>
        <mxCell id="Bll-kAE0G2dmc3GTzRVP-78" value="presenter_id" style="text;strokeColor=default;fillColor=none;align=left;verticalAlign=middle;spacingLeft=4;spacingRight=4;overflow=hidden;points=[[0,0.5],[1,0.5]];portConstraint=eastwest;rotatable=0;whiteSpace=wrap;html=1;" parent="Bll-kAE0G2dmc3GTzRVP-15" vertex="1">
          <mxGeometry y="90" width="140" height="30" as="geometry" />
        </mxCell>
        <mxCell id="Bll-kAE0G2dmc3GTzRVP-35" value="title" style="text;strokeColor=default;fillColor=none;align=left;verticalAlign=middle;spacingLeft=4;spacingRight=4;overflow=hidden;points=[[0,0.5],[1,0.5]];portConstraint=eastwest;rotatable=0;whiteSpace=wrap;html=1;" parent="Bll-kAE0G2dmc3GTzRVP-15" vertex="1">
          <mxGeometry y="120" width="140" height="30" as="geometry" />
        </mxCell>
        <mxCell id="Bll-kAE0G2dmc3GTzRVP-36" value="description" style="text;strokeColor=default;fillColor=none;align=left;verticalAlign=middle;spacingLeft=4;spacingRight=4;overflow=hidden;points=[[0,0.5],[1,0.5]];portConstraint=eastwest;rotatable=0;whiteSpace=wrap;html=1;" parent="Bll-kAE0G2dmc3GTzRVP-15" vertex="1">
          <mxGeometry y="150" width="140" height="30" as="geometry" />
        </mxCell>
        <mxCell id="Bll-kAE0G2dmc3GTzRVP-37" value="file_directory" style="text;strokeColor=default;fillColor=none;align=left;verticalAlign=middle;spacingLeft=4;spacingRight=4;overflow=hidden;points=[[0,0.5],[1,0.5]];portConstraint=eastwest;rotatable=0;whiteSpace=wrap;html=1;" parent="Bll-kAE0G2dmc3GTzRVP-15" vertex="1">
          <mxGeometry y="180" width="140" height="30" as="geometry" />
        </mxCell>
        <mxCell id="Bll-kAE0G2dmc3GTzRVP-39" value="topic" style="text;strokeColor=default;fillColor=none;align=left;verticalAlign=middle;spacingLeft=4;spacingRight=4;overflow=hidden;points=[[0,0.5],[1,0.5]];portConstraint=eastwest;rotatable=0;whiteSpace=wrap;html=1;" parent="Bll-kAE0G2dmc3GTzRVP-15" vertex="1">
          <mxGeometry y="210" width="140" height="30" as="geometry" />
        </mxCell>
        <mxCell id="Bll-kAE0G2dmc3GTzRVP-42" value="presentation_type" style="text;strokeColor=default;fillColor=none;align=left;verticalAlign=middle;spacingLeft=4;spacingRight=4;overflow=hidden;points=[[0,0.5],[1,0.5]];portConstraint=eastwest;rotatable=0;whiteSpace=wrap;html=1;" parent="Bll-kAE0G2dmc3GTzRVP-15" vertex="1">
          <mxGeometry y="240" width="140" height="30" as="geometry" />
        </mxCell>
        <mxCell id="Bll-kAE0G2dmc3GTzRVP-19" value="author" style="swimlane;fontStyle=0;childLayout=stackLayout;horizontal=1;startSize=30;horizontalStack=0;resizeParent=1;resizeParentMax=0;resizeLast=0;collapsible=1;marginBottom=0;whiteSpace=wrap;html=1;" parent="1" vertex="1">
          <mxGeometry x="539.97" y="220" width="140" height="150" as="geometry" />
        </mxCell>
        <mxCell id="Bll-kAE0G2dmc3GTzRVP-20" value="id" style="text;strokeColor=default;fillColor=none;align=left;verticalAlign=middle;spacingLeft=4;spacingRight=4;overflow=hidden;points=[[0,0.5],[1,0.5]];portConstraint=eastwest;rotatable=0;whiteSpace=wrap;html=1;" parent="Bll-kAE0G2dmc3GTzRVP-19" vertex="1">
          <mxGeometry y="30" width="140" height="30" as="geometry" />
        </mxCell>
        <mxCell id="Bll-kAE0G2dmc3GTzRVP-21" value="name" style="text;strokeColor=default;fillColor=none;align=left;verticalAlign=middle;spacingLeft=4;spacingRight=4;overflow=hidden;points=[[0,0.5],[1,0.5]];portConstraint=eastwest;rotatable=0;whiteSpace=wrap;html=1;" parent="Bll-kAE0G2dmc3GTzRVP-19" vertex="1">
          <mxGeometry y="60" width="140" height="30" as="geometry" />
        </mxCell>
        <mxCell id="Bll-kAE0G2dmc3GTzRVP-22" value="email" style="text;strokeColor=default;fillColor=none;align=left;verticalAlign=middle;spacingLeft=4;spacingRight=4;overflow=hidden;points=[[0,0.5],[1,0.5]];portConstraint=eastwest;rotatable=0;whiteSpace=wrap;html=1;" parent="Bll-kAE0G2dmc3GTzRVP-19" vertex="1">
          <mxGeometry y="90" width="140" height="30" as="geometry" />
        </mxCell>
        <mxCell id="Bll-kAE0G2dmc3GTzRVP-43" value="affiliation" style="text;strokeColor=default;fillColor=none;align=left;verticalAlign=middle;spacingLeft=4;spacingRight=4;overflow=hidden;points=[[0,0.5],[1,0.5]];portConstraint=eastwest;rotatable=0;whiteSpace=wrap;html=1;" parent="Bll-kAE0G2dmc3GTzRVP-19" vertex="1">
          <mxGeometry y="120" width="140" height="30" as="geometry" />
        </mxCell>
        <mxCell id="Bll-kAE0G2dmc3GTzRVP-23" value="presenter" style="swimlane;fontStyle=0;childLayout=stackLayout;horizontal=1;startSize=30;horizontalStack=0;resizeParent=1;resizeParentMax=0;resizeLast=0;collapsible=1;marginBottom=0;whiteSpace=wrap;html=1;" parent="1" vertex="1">
          <mxGeometry x="539.97" y="400" width="140" height="120" as="geometry" />
        </mxCell>
        <mxCell id="Bll-kAE0G2dmc3GTzRVP-24" value="id" style="text;strokeColor=default;fillColor=none;align=left;verticalAlign=middle;spacingLeft=4;spacingRight=4;overflow=hidden;points=[[0,0.5],[1,0.5]];portConstraint=eastwest;rotatable=0;whiteSpace=wrap;html=1;" parent="Bll-kAE0G2dmc3GTzRVP-23" vertex="1">
          <mxGeometry y="30" width="140" height="30" as="geometry" />
        </mxCell>
        <mxCell id="Bll-kAE0G2dmc3GTzRVP-25" value="name" style="text;strokeColor=default;fillColor=none;align=left;verticalAlign=middle;spacingLeft=4;spacingRight=4;overflow=hidden;points=[[0,0.5],[1,0.5]];portConstraint=eastwest;rotatable=0;whiteSpace=wrap;html=1;" parent="Bll-kAE0G2dmc3GTzRVP-23" vertex="1">
          <mxGeometry y="60" width="140" height="30" as="geometry" />
        </mxCell>
        <mxCell id="Bll-kAE0G2dmc3GTzRVP-26" value="email" style="text;strokeColor=default;fillColor=none;align=left;verticalAlign=middle;spacingLeft=4;spacingRight=4;overflow=hidden;points=[[0,0.5],[1,0.5]];portConstraint=eastwest;rotatable=0;whiteSpace=wrap;html=1;" parent="Bll-kAE0G2dmc3GTzRVP-23" vertex="1">
          <mxGeometry y="90" width="140" height="30" as="geometry" />
        </mxCell>
        <mxCell id="Bll-kAE0G2dmc3GTzRVP-27" value="sponsor" style="swimlane;fontStyle=0;childLayout=stackLayout;horizontal=1;startSize=30;horizontalStack=0;resizeParent=1;resizeParentMax=0;resizeLast=0;collapsible=1;marginBottom=0;whiteSpace=wrap;html=1;" parent="1" vertex="1">
          <mxGeometry x="270" y="400" width="140" height="180" as="geometry" />
        </mxCell>
        <mxCell id="Bll-kAE0G2dmc3GTzRVP-28" value="id" style="text;strokeColor=default;fillColor=none;align=left;verticalAlign=middle;spacingLeft=4;spacingRight=4;overflow=hidden;points=[[0,0.5],[1,0.5]];portConstraint=eastwest;rotatable=0;whiteSpace=wrap;html=1;" parent="Bll-kAE0G2dmc3GTzRVP-27" vertex="1">
          <mxGeometry y="30" width="140" height="30" as="geometry" />
        </mxCell>
        <mxCell id="Bll-kAE0G2dmc3GTzRVP-29" value="event_account_id" style="text;strokeColor=default;fillColor=none;align=left;verticalAlign=middle;spacingLeft=4;spacingRight=4;overflow=hidden;points=[[0,0.5],[1,0.5]];portConstraint=eastwest;rotatable=0;whiteSpace=wrap;html=1;" parent="Bll-kAE0G2dmc3GTzRVP-27" vertex="1">
          <mxGeometry y="60" width="140" height="30" as="geometry" />
        </mxCell>
        <mxCell id="Bll-kAE0G2dmc3GTzRVP-30" value="pic_name" style="text;strokeColor=default;fillColor=none;align=left;verticalAlign=middle;spacingLeft=4;spacingRight=4;overflow=hidden;points=[[0,0.5],[1,0.5]];portConstraint=eastwest;rotatable=0;whiteSpace=wrap;html=1;" parent="Bll-kAE0G2dmc3GTzRVP-27" vertex="1">
          <mxGeometry y="90" width="140" height="30" as="geometry" />
        </mxCell>
        <mxCell id="Bll-kAE0G2dmc3GTzRVP-61" value="pic_phone" style="text;strokeColor=default;fillColor=none;align=left;verticalAlign=middle;spacingLeft=4;spacingRight=4;overflow=hidden;points=[[0,0.5],[1,0.5]];portConstraint=eastwest;rotatable=0;whiteSpace=wrap;html=1;" parent="Bll-kAE0G2dmc3GTzRVP-27" vertex="1">
          <mxGeometry y="120" width="140" height="30" as="geometry" />
        </mxCell>
        <mxCell id="Bll-kAE0G2dmc3GTzRVP-60" value="pic_email" style="text;strokeColor=default;fillColor=none;align=left;verticalAlign=middle;spacingLeft=4;spacingRight=4;overflow=hidden;points=[[0,0.5],[1,0.5]];portConstraint=eastwest;rotatable=0;whiteSpace=wrap;html=1;" parent="Bll-kAE0G2dmc3GTzRVP-27" vertex="1">
          <mxGeometry y="150" width="140" height="30" as="geometry" />
        </mxCell>
        <mxCell id="Bll-kAE0G2dmc3GTzRVP-33" style="edgeStyle=orthogonalEdgeStyle;rounded=0;orthogonalLoop=1;jettySize=auto;html=1;exitX=1;exitY=0.5;exitDx=0;exitDy=0;entryX=0;entryY=0.5;entryDx=0;entryDy=0;endArrow=none;startFill=0;" parent="1" source="Bll-kAE0G2dmc3GTzRVP-8" target="Bll-kAE0G2dmc3GTzRVP-17" edge="1">
          <mxGeometry relative="1" as="geometry" />
        </mxCell>
        <mxCell id="Bll-kAE0G2dmc3GTzRVP-34" style="edgeStyle=orthogonalEdgeStyle;rounded=0;orthogonalLoop=1;jettySize=auto;html=1;exitX=1;exitY=0.5;exitDx=0;exitDy=0;entryX=0;entryY=0.5;entryDx=0;entryDy=0;endArrow=none;startFill=0;" parent="1" source="Bll-kAE0G2dmc3GTzRVP-12" edge="1">
          <mxGeometry relative="1" as="geometry" />
        </mxCell>
        <mxCell id="Bll-kAE0G2dmc3GTzRVP-45" value="pivot" style="swimlane;fontStyle=0;childLayout=stackLayout;horizontal=1;startSize=30;horizontalStack=0;resizeParent=1;resizeParentMax=0;resizeLast=0;collapsible=1;marginBottom=0;whiteSpace=wrap;html=1;" parent="1" vertex="1">
          <mxGeometry x="539.97" y="110" width="140" height="90" as="geometry" />
        </mxCell>
        <mxCell id="Bll-kAE0G2dmc3GTzRVP-46" value="abstract_id" style="text;strokeColor=default;fillColor=none;align=left;verticalAlign=middle;spacingLeft=4;spacingRight=4;overflow=hidden;points=[[0,0.5],[1,0.5]];portConstraint=eastwest;rotatable=0;whiteSpace=wrap;html=1;" parent="Bll-kAE0G2dmc3GTzRVP-45" vertex="1">
          <mxGeometry y="30" width="140" height="30" as="geometry" />
        </mxCell>
        <mxCell id="Bll-kAE0G2dmc3GTzRVP-47" value="author_id" style="text;strokeColor=default;fillColor=none;align=left;verticalAlign=middle;spacingLeft=4;spacingRight=4;overflow=hidden;points=[[0,0.5],[1,0.5]];portConstraint=eastwest;rotatable=0;whiteSpace=wrap;html=1;" parent="Bll-kAE0G2dmc3GTzRVP-45" vertex="1">
          <mxGeometry y="60" width="140" height="30" as="geometry" />
        </mxCell>
        <mxCell id="Bll-kAE0G2dmc3GTzRVP-51" style="edgeStyle=orthogonalEdgeStyle;rounded=0;orthogonalLoop=1;jettySize=auto;html=1;exitX=1;exitY=0.5;exitDx=0;exitDy=0;endArrow=none;startFill=0;" parent="1" source="Bll-kAE0G2dmc3GTzRVP-16" target="Bll-kAE0G2dmc3GTzRVP-46" edge="1">
          <mxGeometry relative="1" as="geometry" />
        </mxCell>
        <mxCell id="Bll-kAE0G2dmc3GTzRVP-70" style="edgeStyle=orthogonalEdgeStyle;rounded=0;orthogonalLoop=1;jettySize=auto;html=1;exitX=0;exitY=0.5;exitDx=0;exitDy=0;entryX=1;entryY=0.5;entryDx=0;entryDy=0;" parent="1" source="Bll-kAE0G2dmc3GTzRVP-24" edge="1">
          <mxGeometry relative="1" as="geometry" />
        </mxCell>
        <mxCell id="Bll-kAE0G2dmc3GTzRVP-76" style="edgeStyle=orthogonalEdgeStyle;rounded=0;orthogonalLoop=1;jettySize=auto;html=1;exitX=0;exitY=0.5;exitDx=0;exitDy=0;entryX=1;entryY=0.5;entryDx=0;entryDy=0;endArrow=none;startFill=0;" parent="1" target="Bll-kAE0G2dmc3GTzRVP-16" edge="1">
          <mxGeometry relative="1" as="geometry" />
        </mxCell>
        <mxCell id="Bll-kAE0G2dmc3GTzRVP-79" style="edgeStyle=orthogonalEdgeStyle;rounded=0;orthogonalLoop=1;jettySize=auto;html=1;exitX=1;exitY=0.5;exitDx=0;exitDy=0;entryX=0;entryY=0.5;entryDx=0;entryDy=0;endArrow=none;startFill=0;" parent="1" source="Bll-kAE0G2dmc3GTzRVP-78" target="Bll-kAE0G2dmc3GTzRVP-24" edge="1">
          <mxGeometry relative="1" as="geometry" />
        </mxCell>
        <mxCell id="Bll-kAE0G2dmc3GTzRVP-81" style="edgeStyle=orthogonalEdgeStyle;rounded=0;orthogonalLoop=1;jettySize=auto;html=1;exitX=1;exitY=0.5;exitDx=0;exitDy=0;entryX=0;entryY=0.5;entryDx=0;entryDy=0;endArrow=none;startFill=0;" parent="1" source="Bll-kAE0G2dmc3GTzRVP-12" target="Bll-kAE0G2dmc3GTzRVP-29" edge="1">
          <mxGeometry relative="1" as="geometry" />
        </mxCell>
        <mxCell id="Bll-kAE0G2dmc3GTzRVP-82" style="edgeStyle=orthogonalEdgeStyle;rounded=0;orthogonalLoop=1;jettySize=auto;html=1;exitX=0;exitY=0.5;exitDx=0;exitDy=0;entryX=0;entryY=0.5;entryDx=0;entryDy=0;endArrow=none;startFill=0;" parent="1" source="Bll-kAE0G2dmc3GTzRVP-47" target="Bll-kAE0G2dmc3GTzRVP-20" edge="1">
          <mxGeometry relative="1" as="geometry" />
        </mxCell>
      </root>
    </mxGraphModel>
  </diagram>
</mxfile>
